"BehaviorSpace results (NetLogo 7.0.2)","Table version 2.0"
"modelo_redes_preferenciales.nlogox"
"positive-convergence-time"
"06/09/2026 15:51:18:978 -0500"
"min-pxcor","max-pxcor","min-pycor","max-pycor"
"-16","16","-16","16"
"[run number]","total-ticks","learning-rate","pairs-per-tick","confidence-threshold","influence-type","[step]","ticks","mean-opinion","sd-opinion"
"3","100000","0.1","10","0","pos","99999","100000","0.09850018045784645","0.056002731990410434"
"6","100000","0.1","10","0","pos","99999","100000","0.10414168011014506","0.06287124895294934"
"2","100000","0.1","10","0","pos","99999","100000","0.10918262875789063","0.04359705550584215"
"5","100000","0.1","10","0","pos","99999","100000","0.11109913620176255","0.058776487505628916"
"4","100000","0.1","10","0","pos","99999","100000","0.09181073187367235","0.06051114886352888"
"1","100000","0.1","10","0","pos","99999","100000","0.10775138339181872","0.060555502144076526"
"7","100000","0.1","10","0","pos","99999","100000","0.11071079429628822","0.07296243632318837"
"8","100000","0.1","10","0","pos","99999","100000","0.09430557800966632","0.05089286479771061"
"9","100000","0.1","10","0","pos","99999","100000","0.11375389955802706","0.05603622123763978"
"11","100000","0.1","10","0","pos","99999","100000","0.09934185718381638","0.057539364071866925"
"13","100000","0.1","10","0","pos","99999","100000","0.11255234107240239","0.06874269132220516"
"12","100000","0.1","10","0","pos","99999","100000","0.11016236139940455","0.063003269608366"
"10","100000","0.1","10","0","pos","99999","100000","0.10934482156090354","0.07656869347586266"
"14","100000","0.1","10","0","pos","99999","100000","0.10214808413626472","0.06376532306639354"
"15","100000","0.1","10","0","pos","99999","100000","0.10220080683021689","0.044415521001276485"
"16","100000","0.1","10","0","pos","99999","100000","0.1030874504644505","0.06320186128679103"
"17","100000","0.1","10","0","pos","99999","100000","0.13040979600635128","0.056203881763227534"
"18","100000","0.1","10","0","pos","99999","100000","0.11172484150707807","0.08181500703050174"
"22","100000","0.1","10","0","pos","99999","100000","0.10660305473615268","0.050815711202584"
"23","100000","0.1","10","0","pos","99999","100000","0.11808353590513553","0.05098099352856564"
"20","100000","0.1","10","0","pos","99999","100000","0.09311520970270674","0.05690365924324472"
"19","100000","0.1","10","0","pos","99999","100000","0.10578711333312078","0.06422936217537524"
"21","100000","0.1","10","0","pos","99999","100000","0.12448906487526043","0.08413303236683113"
"24","100000","0.1","10","0","pos","99999","100000","0.1136623046071424","0.05522844598050275"
"25","100000","0.1","10","0","pos","99999","100000","0.11170702118161059","0.051392461721446334"
"27","100000","0.1","10","0","pos","99999","100000","0.11143077017021254","0.04894375749821965"
"26","100000","0.1","10","0","pos","99999","100000","0.11326596377441556","0.04689756909484699"
"30","100000","0.1","10","0","pos","99999","100000","0.10473431855058506","0.04418322650837412"
"32","100000","0.1","20","0","pos","99999","100000","0.11052456677833762","0.05436556051583288"
"28","100000","0.1","10","0","pos","99999","100000","0.1067003166225249","0.06064307018197413"
"29","100000","0.1","10","0","pos","99999","100000","0.09148348744575373","0.07846857374906965"
"31","100000","0.1","20","0","pos","99999","100000","0.10814012216514696","0.04331540671430298"
"33","100000","0.1","20","0","pos","99999","100000","0.11113296131791432","0.05061933247878109"
"34","100000","0.1","20","0","pos","99999","100000","0.09422869623420245","0.04000089985780739"
"35","100000","0.1","20","0","pos","99999","100000","0.09370971770714842","0.04227564168080043"
"36","100000","0.1","20","0","pos","99999","100000","0.11900787761625918","0.05498175899321335"
"41","100000","0.1","20","0","pos","99999","100000","0.10277917647914517","0.0453389495001281"
"39","100000","0.1","20","0","pos","99999","100000","0.10076426292906175","0.04290696126933377"
"38","100000","0.1","20","0","pos","99999","100000","0.10984312138410499","0.04988656724486093"
"37","100000","0.1","20","0","pos","99999","100000","0.11161896921857792","0.05850087767683433"
"40","100000","0.1","20","0","pos","99999","100000","0.0928419523778327","0.05275956606250235"
"42","100000","0.1","20","0","pos","99999","100000","0.1045899839859127","0.04552723785778599"
"43","100000","0.1","20","0","pos","99999","100000","0.10886273801318637","0.056486331506588425"
"44","100000","0.1","20","0","pos","99999","100000","0.09995509499242607","0.0547321594738863"
"45","100000","0.1","20","0","pos","99999","100000","0.1156960526916522","0.05557840999814382"
"46","100000","0.1","20","0","pos","99999","100000","0.11262332112087213","0.03929720756541562"
"48","100000","0.1","20","0","pos","99999","100000","0.11399634780435329","0.04740584592503367"
"49","100000","0.1","20","0","pos","99999","100000","0.08743791935616038","0.04211625642698398"
"47","100000","0.1","20","0","pos","99999","100000","0.10071579595913223","0.05119909686034102"
"50","100000","0.1","20","0","pos","99999","100000","0.09224034336231639","0.04641439291758968"
"51","100000","0.1","20","0","pos","99999","100000","0.10143343559660029","0.05695691819090086"
"52","100000","0.1","20","0","pos","99999","100000","0.11062308690488286","0.05337858224030933"
"53","100000","0.1","20","0","pos","99999","100000","0.11773716278484007","0.04122758936269018"
"54","100000","0.1","20","0","pos","99999","100000","0.10057363001159354","0.046119728584459986"
"55","100000","0.1","20","0","pos","99999","100000","0.10854785091883491","0.047021610670247564"
"59","100000","0.1","20","0","pos","99999","100000","0.09808426017070362","0.06648189780488425"
"56","100000","0.1","20","0","pos","99999","100000","0.10440238556363816","0.04751838334678681"
"57","100000","0.1","20","0","pos","99999","100000","0.11917655653734371","0.052658111702629976"
"58","100000","0.1","20","0","pos","99999","100000","0.08894506990422828","0.06192926007096245"
"60","100000","0.1","20","0","pos","99999","100000","0.12227454822582615","0.07300820250272477"
"61","100000","0.1","30","0","pos","99999","100000","0.12301123757082195","0.042203953673152585"
"64","100000","0.1","30","0","pos","99999","100000","0.11287981553629839","0.04465056111295555"
"63","100000","0.1","30","0","pos","99999","100000","0.11017250029067573","0.04356170292519376"
"62","100000","0.1","30","0","pos","99999","100000","0.11336674709323409","0.04905222784196071"
"65","100000","0.1","30","0","pos","99999","100000","0.1009480044370154","0.028581628786580278"
"66","100000","0.1","30","0","pos","99999","100000","0.10145432015418222","0.03941222420854007"
"67","100000","0.1","30","0","pos","99999","100000","0.11755713040971988","0.03330554544512055"
"68","100000","0.1","30","0","pos","99999","100000","0.09955183935034004","0.049867924565200276"
"69","100000","0.1","30","0","pos","99999","100000","0.11274554275580612","0.045761369869585684"
"70","100000","0.1","30","0","pos","99999","100000","0.10324240629623369","0.03983994392478924"
"71","100000","0.1","30","0","pos","99999","100000","0.11032463668348323","0.028311824593744553"
"75","100000","0.1","30","0","pos","99999","100000","0.11744080789169685","0.021303391330633914"
"74","100000","0.1","30","0","pos","99999","100000","0.10680949740215145","0.04667384630936507"
"76","100000","0.1","30","0","pos","99999","100000","0.09676232485812693","0.030124624313502987"
"77","100000","0.1","30","0","pos","99999","100000","0.1126164610964888","0.0400677366422461"
"73","100000","0.1","30","0","pos","99999","100000","0.10136238885970869","0.047932021905096704"
"72","100000","0.1","30","0","pos","99999","100000","0.10749944500602325","0.0339584618086632"
"78","100000","0.1","30","0","pos","99999","100000","0.09946611220454694","0.0402102276581571"
"80","100000","0.1","30","0","pos","99999","100000","0.11765696882594139","0.05646996765503377"
"81","100000","0.1","30","0","pos","99999","100000","0.08860668393793927","0.04053446856286456"
"82","100000","0.1","30","0","pos","99999","100000","0.1032982310577919","0.035418652614457084"
"83","100000","0.1","30","0","pos","99999","100000","0.09633814760617385","0.04762167490155316"
"79","100000","0.1","30","0","pos","99999","100000","0.12119127777977579","0.028883040048971364"
"84","100000","0.1","30","0","pos","99999","100000","0.0949518029624645","0.04838649818351522"
"85","100000","0.1","30","0","pos","99999","100000","0.10309070823563285","0.06196217308021492"
"86","100000","0.1","30","0","pos","99999","100000","0.09688267566985237","0.03773825570541223"
"87","100000","0.1","30","0","pos","99999","100000","0.11299031453813939","0.04829467718817302"
"88","100000","0.1","30","0","pos","99999","100000","0.10708522932519313","0.06855985679780141"
"90","100000","0.1","30","0","pos","99999","100000","0.09435023012350223","0.04241889861253129"
"89","100000","0.1","30","0","pos","99999","100000","0.1069876029901187","0.030392206961332484"
"91","100000","0.1","40","0","pos","99999","100000","0.103988873901993","0.025237886029011097"
"93","100000","0.1","40","0","pos","99999","100000","0.13508921566987253","0.021677084301967367"
"92","100000","0.1","40","0","pos","99999","100000","0.10294531859307615","0.04072365514012766"
"94","100000","0.1","40","0","pos","99999","100000","0.11565765834578103","0.04022656270588563"
"95","100000","0.1","40","0","pos","99999","100000","0.09567417694551567","0.03859182444111281"
"96","100000","0.1","40","0","pos","99999","100000","0.1048386899223088","0.03568311474738292"
"97","100000","0.1","40","0","pos","99999","100000","0.09960996839341851","0.04102522875346553"
"99","100000","0.1","40","0","pos","99999","100000","0.1267032540549743","0.03878911534697206"
"98","100000","0.1","40","0","pos","99999","100000","0.10249715576409502","0.025499015762943174"
"100","100000","0.1","40","0","pos","99999","100000","0.10325614534602623","0.026331302679536858"
"101","100000","0.1","40","0","pos","99999","100000","0.10917819448514962","0.025891230428322677"
"102","100000","0.1","40","0","pos","99999","100000","0.09174942578692911","0.034828791775939665"
"105","100000","0.1","40","0","pos","99999","100000","0.09903801097372858","0.03972061868130402"
"103","100000","0.1","40","0","pos","99999","100000","0.11939598607037491","0.02960919017064789"
"104","100000","0.1","40","0","pos","99999","100000","0.11122747157691465","0.03993455922328104"
"106","100000","0.1","40","0","pos","99999","100000","0.11228135761915117","0.03440614734882533"
"107","100000","0.1","40","0","pos","99999","100000","0.10978448957392507","0.02978280419668603"
"108","100000","0.1","40","0","pos","99999","100000","0.12244003256476758","0.05420598414092762"
"109","100000","0.1","40","0","pos","99999","100000","0.10002948212096507","0.035949994283614485"
"110","100000","0.1","40","0","pos","99999","100000","0.11026206307880952","0.03576785193302704"
"112","100000","0.1","40","0","pos","99999","100000","0.10829743358956088","0.027951838672413912"
"111","100000","0.1","40","0","pos","99999","100000","0.10023449333473672","0.03403818396079059"
"113","100000","0.1","40","0","pos","99999","100000","0.1133257996261116","0.031189803704172167"
"114","100000","0.1","40","0","pos","99999","100000","0.12038756381494324","0.03571323874458836"
"115","100000","0.1","40","0","pos","99999","100000","0.09918130831033449","0.029648920683316683"
"116","100000","0.1","40","0","pos","99999","100000","0.0987102078772424","0.04186150716798771"
"117","100000","0.1","40","0","pos","99999","100000","0.10659098346424921","0.060964344455057044"
"118","100000","0.1","40","0","pos","99999","100000","0.09392228425845625","0.0448229857337877"
"119","100000","0.1","40","0","pos","99999","100000","0.1073102672966309","0.028791589157962552"
"120","100000","0.1","40","0","pos","99999","100000","0.10341034671441617","0.03670157678824923"
"121","100000","0.1","50","0","pos","99999","100000","0.10965979076693105","0.031972321561597496"
"122","100000","0.1","50","0","pos","99999","100000","0.11306824444976858","0.04983435910771205"
"123","100000","0.1","50","0","pos","99999","100000","0.11515668854525606","0.023462964923568305"
"124","100000","0.1","50","0","pos","99999","100000","0.11398105975820694","0.03319052024318763"
"125","100000","0.1","50","0","pos","99999","100000","0.10704863147226645","0.036083533514745254"
"126","100000","0.1","50","0","pos","99999","100000","0.0976428253742916","0.02405672941122708"
"127","100000","0.1","50","0","pos","99999","100000","0.08859454660693301","0.013455226280813718"
"128","100000","0.1","50","0","pos","99999","100000","0.10077691713098019","0.024174754159180835"
"129","100000","0.1","50","0","pos","99999","100000","0.10198034866461442","0.017669019500653135"
"130","100000","0.1","50","0","pos","99999","100000","0.09923853786477085","0.02801049780622303"
"131","100000","0.1","50","0","pos","99999","100000","0.1064682145721433","0.02871586403032529"
"132","100000","0.1","50","0","pos","99999","100000","0.10726899775143524","0.03807913150973872"
"134","100000","0.1","50","0","pos","99999","100000","0.10336324784486102","0.03647411161808473"
"133","100000","0.1","50","0","pos","99999","100000","0.11219950520687914","0.05849815161540107"
"135","100000","0.1","50","0","pos","99999","100000","0.11163622151488464","0.023528796310484462"
"136","100000","0.1","50","0","pos","99999","100000","0.10881909509546464","0.05420518238895659"
"137","100000","0.1","50","0","pos","99999","100000","0.09998470013780564","0.020942605087318468"
"138","100000","0.1","50","0","pos","99999","100000","0.11827197673794619","0.02319245498887077"
"139","100000","0.1","50","0","pos","99999","100000","0.11372286345050489","0.033305499771409244"
"142","100000","0.1","50","0","pos","99999","100000","0.11884648960338509","0.029428523372956122"
"143","100000","0.1","50","0","pos","99999","100000","0.1091543511972381","0.03183668334059683"
"144","100000","0.1","50","0","pos","99999","100000","0.11208719773592182","0.013870594808629668"
"140","100000","0.1","50","0","pos","99999","100000","0.11364584998266196","0.03669470793752147"
"145","100000","0.1","50","0","pos","99999","100000","0.10186910011890092","0.037136127900094254"
"141","100000","0.1","50","0","pos","99999","100000","0.11458239535451069","0.04551451715643997"
"146","100000","0.1","50","0","pos","99999","100000","0.0956133862377604","0.026290047804629145"
"147","100000","0.1","50","0","pos","99999","100000","0.11004832391600469","0.028277552149841224"
"151","100000","0.2","10","0","pos","99999","100000","0.10986169758793203","0.05446847473968089"
"150","100000","0.1","50","0","pos","99999","100000","0.11397041008919893","0.02588868607552635"
"153","100000","0.2","10","0","pos","99999","100000","0.10694117996699355","0.04380481493107485"
"149","100000","0.1","50","0","pos","99999","100000","0.08626459683803271","0.03992900601786775"
"148","100000","0.1","50","0","pos","99999","100000","0.0981949070638449","0.028614005634739422"
"155","100000","0.2","10","0","pos","99999","100000","0.1042902068795268","0.0467225836883284"
"152","100000","0.2","10","0","pos","99999","100000","0.11885899460377117","0.05555715070410705"
"154","100000","0.2","10","0","pos","99999","100000","0.09383450875979488","0.054672939314520975"
"156","100000","0.2","10","0","pos","99999","100000","0.09944353024470615","0.038732396759665624"
"157","100000","0.2","10","0","pos","99999","100000","0.10151266875563261","0.05450628968352652"
"158","100000","0.2","10","0","pos","99999","100000","0.10495517971599655","0.04628077516988515"
"159","100000","0.2","10","0","pos","99999","100000","0.09593757929238891","0.04859324488530226"
"160","100000","0.2","10","0","pos","99999","100000","0.11360393912245642","0.04443684076953209"
"162","100000","0.2","10","0","pos","99999","100000","0.10484509776973036","0.05395678521966685"
"161","100000","0.2","10","0","pos","99999","100000","0.10904583670530563","0.0589696715631047"
"163","100000","0.2","10","0","pos","99999","100000","0.11773823771779685","0.050575782725151716"
"164","100000","0.2","10","0","pos","99999","100000","0.1003607985319361","0.05041442206796472"
"165","100000","0.2","10","0","pos","99999","100000","0.1046627432849348","0.045619964555975404"
"166","100000","0.2","10","0","pos","99999","100000","0.09768405252037451","0.0412072316087949"
"168","100000","0.2","10","0","pos","99999","100000","0.1013797736541714","0.042198263526151095"
"167","100000","0.2","10","0","pos","99999","100000","0.09458791608227571","0.05439808798479059"
"169","100000","0.2","10","0","pos","99999","100000","0.10077293459965093","0.05012234261246692"
"170","100000","0.2","10","0","pos","99999","100000","0.09586831054288394","0.047832054527116606"
"171","100000","0.2","10","0","pos","99999","100000","0.1099509386186804","0.045614237364569085"
"172","100000","0.2","10","0","pos","99999","100000","0.11348927083803119","0.05175596281917108"
"173","100000","0.2","10","0","pos","99999","100000","0.10932654733287288","0.03316355913048335"
"174","100000","0.2","10","0","pos","99999","100000","0.10577161007748143","0.05506563935612463"
"175","100000","0.2","10","0","pos","99999","100000","0.11076776283006805","0.04796983050053049"
"176","100000","0.2","10","0","pos","99999","100000","0.10410539716025022","0.054546894492158306"
"177","100000","0.2","10","0","pos","99999","100000","0.11159755545894391","0.059029256438279866"
"178","100000","0.2","10","0","pos","99999","100000","0.10586393502863539","0.026668983127211734"
"179","100000","0.2","10","0","pos","99999","100000","0.08930036025555907","0.03703782386767533"
"180","100000","0.2","10","0","pos","99999","100000","0.09341982409463406","0.038017171031122524"
"181","100000","0.2","20","0","pos","99999","100000","0.10386256438419147","0.02872337423805603"
"182","100000","0.2","20","0","pos","99999","100000","0.11456374068914052","0.04470578720464231"
"184","100000","0.2","20","0","pos","99999","100000","0.12266420724755078","0.0299800672169157"
"183","100000","0.2","20","0","pos","99999","100000","0.12619174080026452","0.03532487980352283"
"186","100000","0.2","20","0","pos","99999","100000","0.11621844708507359","0.060888946686275904"
"185","100000","0.2","20","0","pos","99999","100000","0.09471292956275151","0.03696350030713844"
"187","100000","0.2","20","0","pos","99999","100000","0.09997854179718155","0.021864885797981418"
"188","100000","0.2","20","0","pos","99999","100000","0.11173020624848795","0.023080860011033568"
"189","100000","0.2","20","0","pos","99999","100000","0.09651790256296312","0.04950414539809664"
"192","100000","0.2","20","0","pos","99999","100000","0.0971488945880565","0.03575882053461439"
"194","100000","0.2","20","0","pos","99999","100000","0.10271349417154939","0.04262341987673504"
"195","100000","0.2","20","0","pos","99999","100000","0.12238449715355369","0.02150391869330863"
"190","100000","0.2","20","0","pos","99999","100000","0.11559632338287935","0.026120620669653673"
"196","100000","0.2","20","0","pos","99999","100000","0.10521753832667091","0.020415854356944166"
"191","100000","0.2","20","0","pos","99999","100000","0.12258341126384693","0.027317182492352002"
"197","100000","0.2","20","0","pos","99999","100000","0.10461982801264899","0.0494404035602774"
"193","100000","0.2","20","0","pos","99999","100000","0.13853038161003267","0.027954190557794127"
"199","100000","0.2","20","0","pos","99999","100000","0.1071616270510368","0.03887432718219696"
"201","100000","0.2","20","0","pos","99999","100000","0.10271735105195902","0.02967127258103188"
"200","100000","0.2","20","0","pos","99999","100000","0.10043357005649595","0.036913314356409654"
"203","100000","0.2","20","0","pos","99999","100000","0.09539941465617816","0.027394740188934275"
"198","100000","0.2","20","0","pos","99999","100000","0.10747371560004802","0.038665074180828596"
"205","100000","0.2","20","0","pos","99999","100000","0.10547530155965659","0.030628469359952237"
"202","100000","0.2","20","0","pos","99999","100000","0.08281708267047186","0.033430719117870066"
"204","100000","0.2","20","0","pos","99999","100000","0.10900044242691359","0.02864279102199733"
"207","100000","0.2","20","0","pos","99999","100000","0.12726207269506815","0.04130899489824078"
"208","100000","0.2","20","0","pos","99999","100000","0.11582485567079584","0.029446010983532597"
"209","100000","0.2","20","0","pos","99999","100000","0.08891578967656176","0.04255799975262321"
"206","100000","0.2","20","0","pos","99999","100000","0.11817440053998085","0.04436796195356521"
"210","100000","0.2","20","0","pos","99999","100000","0.10681827498394525","0.04095605376518624"
"212","100000","0.2","30","0","pos","99999","100000","0.1177356132917755","0.020802118105399125"
"211","100000","0.2","30","0","pos","99999","100000","0.11082186250865854","0.03224613750261743"
"213","100000","0.2","30","0","pos","99999","100000","0.08970624233143176","0.02909580524567985"
"214","100000","0.2","30","0","pos","99999","100000","0.1034116610101531","0.049159709250495606"
"215","100000","0.2","30","0","pos","99999","100000","0.10166134140277154","0.02162025157525123"
"216","100000","0.2","30","0","pos","99999","100000","0.09112782330786787","0.023917022417912135"
"217","100000","0.2","30","0","pos","99999","100000","0.10387023393486619","0.020608516013151383"
"219","100000","0.2","30","0","pos","99999","100000","0.0989471735153443","0.016528885727757944"
"218","100000","0.2","30","0","pos","99999","100000","0.10563500713952512","0.023363027134831255"
"220","100000","0.2","30","0","pos","99999","100000","0.10199767852746189","0.020166068289164053"
"221","100000","0.2","30","0","pos","99999","100000","0.11545254859475605","0.045934844673366636"
"222","100000","0.2","30","0","pos","99999","100000","0.1194174645122875","0.044313475839565804"
"223","100000","0.2","30","0","pos","99999","100000","0.1125982242869008","0.022001463511968234"
"224","100000","0.2","30","0","pos","99999","100000","0.10269723034315113","0.030543478589104413"
"225","100000","0.2","30","0","pos","99999","100000","0.12069148362663511","0.031581841366958185"
"227","100000","0.2","30","0","pos","99999","100000","0.1027180721848869","0.025057372366251614"
"226","100000","0.2","30","0","pos","99999","100000","0.11540038505807293","0.016427102900078382"
"229","100000","0.2","30","0","pos","99999","100000","0.11093371135517893","0.03252882887450322"
"228","100000","0.2","30","0","pos","99999","100000","0.10193074813471215","0.035548713949100925"
"230","100000","0.2","30","0","pos","99999","100000","0.10867177313566748","0.01429989237608605"
"233","100000","0.2","30","0","pos","99999","100000","0.11533459403851697","0.023502339053339243"
"231","100000","0.2","30","0","pos","99999","100000","0.11224908814745566","0.029050737107002032"
"234","100000","0.2","30","0","pos","99999","100000","0.102993784577062","0.037141392274518396"
"235","100000","0.2","30","0","pos","99999","100000","0.11274854199457197","0.029215403043756524"
"236","100000","0.2","30","0","pos","99999","100000","0.09369158248686275","0.04533002356269382"
"232","100000","0.2","30","0","pos","99999","100000","0.11277174272928987","0.021412582807335344"
"237","100000","0.2","30","0","pos","99999","100000","0.10451206837093502","0.027913523663340854"
"238","100000","0.2","30","0","pos","99999","100000","0.11297734405580777","0.031854843844523244"
"239","100000","0.2","30","0","pos","99999","100000","0.10476482703484269","0.04844533459689742"
"240","100000","0.2","30","0","pos","99999","100000","0.09351010333451677","0.019512525161134133"
"242","100000","0.2","40","0","pos","99999","100000","0.11544495456984011","0.02231977173011537"
"244","100000","0.2","40","0","pos","99999","100000","0.08418881923688057","0.027258672317509062"
"243","100000","0.2","40","0","pos","99999","100000","0.10239663436853438","0.027319011171854823"
"246","100000","0.2","40","0","pos","99999","100000","0.1105791866285136","0.025589181574628188"
"241","100000","0.2","40","0","pos","99999","100000","0.10054637552683983","0.0212696697881553"
"247","100000","0.2","40","0","pos","99999","100000","0.10760406274261901","0.03746093896661929"
"245","100000","0.2","40","0","pos","99999","100000","0.10919526613707703","0.03435751369065757"
"249","100000","0.2","40","0","pos","99999","100000","0.11360862210351018","0.0295945215620974"
"251","100000","0.2","40","0","pos","99999","100000","0.1059255737439109","0.03882247786198626"
"252","100000","0.2","40","0","pos","99999","100000","0.12553433253022264","0.028589018808599414"
"250","100000","0.2","40","0","pos","99999","100000","0.11003380484879614","0.027842489553180035"
"248","100000","0.2","40","0","pos","99999","100000","0.11556202430446934","0.03643164013708755"
"253","100000","0.2","40","0","pos","99999","100000","0.12699420550895843","0.016434313103024175"
"255","100000","0.2","40","0","pos","99999","100000","0.10250200217292114","0.022743117026158225"
"254","100000","0.2","40","0","pos","99999","100000","0.10596700653580347","0.015041960793810136"
"256","100000","0.2","40","0","pos","99999","100000","0.10471780412857118","0.014918879216940292"
"257","100000","0.2","40","0","pos","99999","100000","0.10033332549037927","0.02737122823692625"
"259","100000","0.2","40","0","pos","99999","100000","0.10059557872883776","0.025039870685597574"
"260","100000","0.2","40","0","pos","99999","100000","0.1109379824918117","0.040116337471049514"
"258","100000","0.2","40","0","pos","99999","100000","0.09922101927037891","0.04352659901609653"
"262","100000","0.2","40","0","pos","99999","100000","0.10412313484925055","0.031810716146640786"
"261","100000","0.2","40","0","pos","99999","100000","0.0941725136206478","0.023577170746769786"
"263","100000","0.2","40","0","pos","99999","100000","0.11398441874598732","0.02876194998389389"
"264","100000","0.2","40","0","pos","99999","100000","0.08512316938437736","0.02751899189584056"
"265","100000","0.2","40","0","pos","99999","100000","0.1138072741524418","0.011850447434388673"
"266","100000","0.2","40","0","pos","99999","100000","0.1100642147030963","0.04838707560234789"
"267","100000","0.2","40","0","pos","99999","100000","0.11784944901361598","0.016824535821688327"
"268","100000","0.2","40","0","pos","99999","100000","0.10655023749713198","0.01817066478608405"
"269","100000","0.2","40","0","pos","99999","100000","0.11991154092917128","0.019539113443479764"
"270","100000","0.2","40","0","pos","99999","100000","0.1161328435168792","0.024302970472836517"
"271","100000","0.2","50","0","pos","99999","100000","0.09912807699067028","0.025815153113350742"
"272","100000","0.2","50","0","pos","99999","100000","0.10848736605122142","0.018166054957521088"
"273","100000","0.2","50","0","pos","99999","100000","0.09658005680134063","0.028425547194875528"
"274","100000","0.2","50","0","pos","99999","100000","0.09625719802824394","0.025100533083716348"
"275","100000","0.2","50","0","pos","99999","100000","0.08610638208231212","0.031013732289934124"
"276","100000","0.2","50","0","pos","99999","100000","0.09979047746946075","0.01436792566530783"
"277","100000","0.2","50","0","pos","99999","100000","0.10838922596805367","0.024799866608581814"
"278","100000","0.2","50","0","pos","99999","100000","0.11375360203546256","0.018939178209428024"
"279","100000","0.2","50","0","pos","99999","100000","0.11529646578338702","0.025828034315132784"
"281","100000","0.2","50","0","pos","99999","100000","0.10764981312658163","0.018303928888474697"
"280","100000","0.2","50","0","pos","99999","100000","0.10930284159773292","0.0321899799563117"
"284","100000","0.2","50","0","pos","99999","100000","0.10593865520052444","0.013020127419372193"
"282","100000","0.2","50","0","pos","99999","100000","0.1124879134817179","0.018969401208972805"
"286","100000","0.2","50","0","pos","99999","100000","0.10473579905554657","0.01826259123313524"
"283","100000","0.2","50","0","pos","99999","100000","0.1110935897811913","0.016274590816889485"
"285","100000","0.2","50","0","pos","99999","100000","0.1070587247020276","0.02997685081723747"
"287","100000","0.2","50","0","pos","99999","100000","0.10208061344584543","0.026323870750589336"
"288","100000","0.2","50","0","pos","99999","100000","0.09680653116944493","0.01847046286875026"
"289","100000","0.2","50","0","pos","99999","100000","0.1163900402958838","0.021030587181303163"
"290","100000","0.2","50","0","pos","99999","100000","0.0924557093208152","0.021691200848870607"
"291","100000","0.2","50","0","pos","99999","100000","0.11393744892997884","0.026165855921095934"
"293","100000","0.2","50","0","pos","99999","100000","0.09918625085591323","0.045213005125312546"
"296","100000","0.2","50","0","pos","99999","100000","0.10706570147429773","0.042961194053224704"
"295","100000","0.2","50","0","pos","99999","100000","0.1018822878495109","0.016230533921668955"
"292","100000","0.2","50","0","pos","99999","100000","0.08536761138616046","0.01578790046022741"
"297","100000","0.2","50","0","pos","99999","100000","0.10805488407911709","0.025804438743505336"
"294","100000","0.2","50","0","pos","99999","100000","0.10343884785667239","0.03765753026778805"
"298","100000","0.2","50","0","pos","99999","100000","0.10334526267654646","0.011339000816371923"
"299","100000","0.2","50","0","pos","99999","100000","0.11396130964520321","0.019883988261738785"
"300","100000","0.2","50","0","pos","99999","100000","0.1037274051564992","0.02145838501652065"
"301","100000","0.3","10","0","pos","99999","100000","0.1016351775136437","0.06048262635657259"
"302","100000","0.3","10","0","pos","99999","100000","0.10872682832995603","0.02997903103654685"
"303","100000","0.3","10","0","pos","99999","100000","0.0900199954739547","0.03405252687008196"
"305","100000","0.3","10","0","pos","99999","100000","0.12219869712751155","0.025492377371184143"
"304","100000","0.3","10","0","pos","99999","100000","0.10622585300141625","0.05092218317690556"
"306","100000","0.3","10","0","pos","99999","100000","0.10384666468803144","0.03369963114176312"
"307","100000","0.3","10","0","pos","99999","100000","0.09638627108621563","0.04453455048134296"
"309","100000","0.3","10","0","pos","99999","100000","0.10900458068905251","0.04656406881230573"
"310","100000","0.3","10","0","pos","99999","100000","0.10295921325400964","0.03332577233256489"
"311","100000","0.3","10","0","pos","99999","100000","0.0988553797345868","0.02789491498529944"
"312","100000","0.3","10","0","pos","99999","100000","0.10203568075131278","0.03466335490827612"
"313","100000","0.3","10","0","pos","99999","100000","0.09173788776794047","0.04566678721297282"
"308","100000","0.3","10","0","pos","99999","100000","0.10287292840947314","0.07040235747033177"
"314","100000","0.3","10","0","pos","99999","100000","0.10175160170312031","0.036621987640333066"
"315","100000","0.3","10","0","pos","99999","100000","0.10449369802346688","0.04720977257602852"
"316","100000","0.3","10","0","pos","99999","100000","0.11057082421089341","0.02956846447171213"
"317","100000","0.3","10","0","pos","99999","100000","0.10469582906296036","0.02683446476621885"
"318","100000","0.3","10","0","pos","99999","100000","0.10512180444994774","0.03331973728588502"
"319","100000","0.3","10","0","pos","99999","100000","0.11123873168288094","0.03862441811783772"
"320","100000","0.3","10","0","pos","99999","100000","0.10414298188258257","0.05975058139548597"
"321","100000","0.3","10","0","pos","99999","100000","0.10928025290987821","0.043894045470742556"
"322","100000","0.3","10","0","pos","99999","100000","0.10951561911068355","0.02796549783981139"
"323","100000","0.3","10","0","pos","99999","100000","0.09475028575058674","0.032451101395864636"
"324","100000","0.3","10","0","pos","99999","100000","0.10861313636477145","0.0328225366214809"
"325","100000","0.3","10","0","pos","99999","100000","0.0948314583392962","0.05312922415285559"
"327","100000","0.3","10","0","pos","99999","100000","0.1060445399492","0.03291865597696992"
"328","100000","0.3","10","0","pos","99999","100000","0.10440382820750281","0.041337351789830765"
"326","100000","0.3","10","0","pos","99999","100000","0.10699646961284001","0.04262354443998779"
"329","100000","0.3","10","0","pos","99999","100000","0.10265997482856253","0.042932127917345755"
"330","100000","0.3","10","0","pos","99999","100000","0.09857743757030837","0.035159400098334244"
"331","100000","0.3","20","0","pos","99999","100000","0.09212317362048827","0.03180096870821088"
"332","100000","0.3","20","0","pos","99999","100000","0.09437222248969755","0.020249800007530308"
"334","100000","0.3","20","0","pos","99999","100000","0.10071803434403054","0.027252496968247934"
"333","100000","0.3","20","0","pos","99999","100000","0.08656416605080847","0.027451756874510385"
"336","100000","0.3","20","0","pos","99999","100000","0.09779594692391078","0.041618304424546226"
"335","100000","0.3","20","0","pos","99999","100000","0.087117264715751","0.03748855935030525"
"337","100000","0.3","20","0","pos","99999","100000","0.10515826296000319","0.04168346945665738"
"338","100000","0.3","20","0","pos","99999","100000","0.09588908676221677","0.018246418339874875"
"339","100000","0.3","20","0","pos","99999","100000","0.10948592103240722","0.03592045539021016"
"340","100000","0.3","20","0","pos","99999","100000","0.14280708545262044","0.034848838010533484"
"342","100000","0.3","20","0","pos","99999","100000","0.10215951742353709","0.023630203872721134"
"345","100000","0.3","20","0","pos","99999","100000","0.10643486798502015","0.03123668721975327"
"346","100000","0.3","20","0","pos","99999","100000","0.1133096544574709","0.04360384947687069"
"344","100000","0.3","20","0","pos","99999","100000","0.09316560770716334","0.021625351162580395"
"341","100000","0.3","20","0","pos","99999","100000","0.12267951969549983","0.0315595459936312"
"347","100000","0.3","20","0","pos","99999","100000","0.11185028870204736","0.027083316242222447"
"348","100000","0.3","20","0","pos","99999","100000","0.09571563339189593","0.025223034812518454"
"343","100000","0.3","20","0","pos","99999","100000","0.1050131484524686","0.02401610021838734"
"349","100000","0.3","20","0","pos","99999","100000","0.10212860272394372","0.027113900003287898"
"352","100000","0.3","20","0","pos","99999","100000","0.11096083511478863","0.0351808183641203"
"351","100000","0.3","20","0","pos","99999","100000","0.09635748771729055","0.04003128468322044"
"350","100000","0.3","20","0","pos","99999","100000","0.09993146298641731","0.030106274694289958"
"353","100000","0.3","20","0","pos","99999","100000","0.10101215322751636","0.032357672430708743"
"355","100000","0.3","20","0","pos","99999","100000","0.10423065719353401","0.030786405991799624"
"356","100000","0.3","20","0","pos","99999","100000","0.09081461092625508","0.023266323984611967"
"354","100000","0.3","20","0","pos","99999","100000","0.11536686287318719","0.02900341791971341"
"357","100000","0.3","20","0","pos","99999","100000","0.10598607177085272","0.028054395726695016"
"364","100000","0.3","30","0","pos","66550","66550","0.10371082059599551","0.009999788356698307"
"359","100000","0.3","20","0","pos","99999","100000","0.09870838523387229","0.014627678497330631"
"360","100000","0.3","20","0","pos","99999","100000","0.09749873308952027","0.022984555195368662"
"358","100000","0.3","20","0","pos","99999","100000","0.1070837010973626","0.013732653109716794"
"362","100000","0.3","30","0","pos","99999","100000","0.11903089730201714","0.04250481077463871"
"363","100000","0.3","30","0","pos","99999","100000","0.09825506118164168","0.028327104458908858"
"361","100000","0.3","30","0","pos","99999","100000","0.10021204243168402","0.024155424229595886"
"365","100000","0.3","30","0","pos","99999","100000","0.10909457290651997","0.016690740936147672"
"366","100000","0.3","30","0","pos","99999","100000","0.09482564717261466","0.02520132628641272"
"367","100000","0.3","30","0","pos","99999","100000","0.09652826288709311","0.01829455846884309"
"369","100000","0.3","30","0","pos","99999","100000","0.0932764870254975","0.021427886403913698"
"368","100000","0.3","30","0","pos","99999","100000","0.12228273205278509","0.020042095886668814"
"371","100000","0.3","30","0","pos","99999","100000","0.09986567196750984","0.02008701473599839"
"372","100000","0.3","30","0","pos","99999","100000","0.10333157937648069","0.01663167723879012"
"373","100000","0.3","30","0","pos","99999","100000","0.09717388933520975","0.030522049331610693"
"370","100000","0.3","30","0","pos","99999","100000","0.09013331520881529","0.027082758295738873"
"374","100000","0.3","30","0","pos","99999","100000","0.12104402501733744","0.02792326571566627"
"375","100000","0.3","30","0","pos","99999","100000","0.11151604363276992","0.03701993006598308"
"376","100000","0.3","30","0","pos","99999","100000","0.12126566806966065","0.02851424927221946"
"377","100000","0.3","30","0","pos","99999","100000","0.10632567067153029","0.02870202240409153"
"378","100000","0.3","30","0","pos","99999","100000","0.12078046791044021","0.023083472968273327"
"379","100000","0.3","30","0","pos","99999","100000","0.10973756314032426","0.02076892239416521"
"380","100000","0.3","30","0","pos","99999","100000","0.09587032579159273","0.022200952421499078"
"382","100000","0.3","30","0","pos","99999","100000","0.11286724700293957","0.023392920688719003"
"381","100000","0.3","30","0","pos","99999","100000","0.10574431834132161","0.036436441577401356"
"385","100000","0.3","30","0","pos","99999","100000","0.10024353568037851","0.023681863004628146"
"383","100000","0.3","30","0","pos","99999","100000","0.09672637529616958","0.025680744799764364"
"384","100000","0.3","30","0","pos","99999","100000","0.10176842420492593","0.022050310843169302"
"387","100000","0.3","30","0","pos","99999","100000","0.09827217147106287","0.02582325291277017"
"386","100000","0.3","30","0","pos","99999","100000","0.10454546252509582","0.026989446755319415"
"388","100000","0.3","30","0","pos","99999","100000","0.09587180786313478","0.033956131873150316"
"389","100000","0.3","30","0","pos","99999","100000","0.11399127624148163","0.03693691576729424"
"390","100000","0.3","30","0","pos","99999","100000","0.1049941849876132","0.016834585947599477"
"392","100000","0.3","40","0","pos","99999","100000","0.10984877991804912","0.012390703010751505"
"395","100000","0.3","40","0","pos","99999","100000","0.0984685687158569","0.01818954683003311"
"396","100000","0.3","40","0","pos","99999","100000","0.10083623764055756","0.024646331647558188"
"397","100000","0.3","40","0","pos","99999","100000","0.1145819183034724","0.020960556554736522"
"391","100000","0.3","40","0","pos","99999","100000","0.10264411872045098","0.022433381665819287"
"398","100000","0.3","40","0","pos","99999","100000","0.09714886647747138","0.020707981347098673"
"393","100000","0.3","40","0","pos","99999","100000","0.09274864809726494","0.018770135083580955"
"394","100000","0.3","40","0","pos","99999","100000","0.09975531547780297","0.027040658867880697"
"400","100000","0.3","40","0","pos","99999","100000","0.11014182666218073","0.028567632211706027"
"399","100000","0.3","40","0","pos","99999","100000","0.11106243856578753","0.01870726099637083"
"401","100000","0.3","40","0","pos","99999","100000","0.10095093151152637","0.012985214965979418"
"402","100000","0.3","40","0","pos","99999","100000","0.10637481897908174","0.03373350399614131"
"403","100000","0.3","40","0","pos","99999","100000","0.09502817719447175","0.025182500598781993"
"405","100000","0.3","40","0","pos","99999","100000","0.11329309509493346","0.015889205467692305"
"404","100000","0.3","40","0","pos","99999","100000","0.12213692376006202","0.015985329744184547"
"406","100000","0.3","40","0","pos","99999","100000","0.10759950575891418","0.02420221432133645"
"407","100000","0.3","40","0","pos","99999","100000","0.09881834716449435","0.019933401761426474"
"408","100000","0.3","40","0","pos","99999","100000","0.10083642786893875","0.015384248187087515"
"409","100000","0.3","40","0","pos","99999","100000","0.1228660377252284","0.025761119156522717"
"410","100000","0.3","40","0","pos","99999","100000","0.1108768806528022","0.014337370213025023"
"411","100000","0.3","40","0","pos","99999","100000","0.10926697907092335","0.025494316855359127"
"412","100000","0.3","40","0","pos","99999","100000","0.11469221550091392","0.037163989033116726"
"413","100000","0.3","40","0","pos","99999","100000","0.11442190825695128","0.017740645363548198"
"414","100000","0.3","40","0","pos","95474","95474","0.10338007982669363","0.009998155177866196"
"415","100000","0.3","40","0","pos","99999","100000","0.11160916053097239","0.017012846860588408"
"416","100000","0.3","40","0","pos","99999","100000","0.10717592404608685","0.01831634668455528"
"417","100000","0.3","40","0","pos","99999","100000","0.1210170330134313","0.022001194068663046"
"419","100000","0.3","40","0","pos","99999","100000","0.11502304019968836","0.01867264503568749"
"418","100000","0.3","40","0","pos","99999","100000","0.10443014356560212","0.02120569882578514"
"420","100000","0.3","40","0","pos","99999","100000","0.11865387334624836","0.017156809219895784"
"421","100000","0.3","50","0","pos","99999","100000","0.1060266724504177","0.022403246799785823"
"422","100000","0.3","50","0","pos","99999","100000","0.10759123240755349","0.025774672938325277"
"423","100000","0.3","50","0","pos","71726","71726","0.11178374612112876","0.009999887085176453"
"424","100000","0.3","50","0","pos","99999","100000","0.10422814037637329","0.01822221509342684"
"425","100000","0.3","50","0","pos","99999","100000","0.10981124164346019","0.021014854635770373"
"426","100000","0.3","50","0","pos","99999","100000","0.10206772881982981","0.01089874970433956"
"427","100000","0.3","50","0","pos","99999","100000","0.08953790655015999","0.017455426433825694"
"429","100000","0.3","50","0","pos","99999","100000","0.1046512884030936","0.017046178235464136"
"430","100000","0.3","50","0","pos","99999","100000","0.10391647797821639","0.025114335407117484"
"428","100000","0.3","50","0","pos","99999","100000","0.11337147648954345","0.021946108849221813"
"431","100000","0.3","50","0","pos","99999","100000","0.11499910078959887","0.02805901563295214"
"432","100000","0.3","50","0","pos","99999","100000","0.10873597371236822","0.01802110390575957"
"433","100000","0.3","50","0","pos","99999","100000","0.0856526532883135","0.02145516162922493"
"435","100000","0.3","50","0","pos","99999","100000","0.10632284585322925","0.023312877146611094"
"434","100000","0.3","50","0","pos","99999","100000","0.12562919958327592","0.02537217008353333"
"436","100000","0.3","50","0","pos","99999","100000","0.11385556336524447","0.011320396677669374"
"439","100000","0.3","50","0","pos","84042","84042","0.10411484770057604","0.009999154406653702"
"437","100000","0.3","50","0","pos","99999","100000","0.11855345545453201","0.018508653347284677"
"438","100000","0.3","50","0","pos","99999","100000","0.10751579552389166","0.016734064842633546"
"440","100000","0.3","50","0","pos","99999","100000","0.10247915662187462","0.022916628254785784"
"441","100000","0.3","50","0","pos","99999","100000","0.11022474638775384","0.01206135564413776"
"443","100000","0.3","50","0","pos","99999","100000","0.09960657264196168","0.02456762893643483"
"442","100000","0.3","50","0","pos","99999","100000","0.1167511639186687","0.010395048167783692"
"445","100000","0.3","50","0","pos","99999","100000","0.08254069565846478","0.01301494854195842"
"444","100000","0.3","50","0","pos","99999","100000","0.13149928926561147","0.025205119274775062"
"448","100000","0.3","50","0","pos","99999","100000","0.0984235580043726","0.014944849726978885"
"446","100000","0.3","50","0","pos","99999","100000","0.08415050945730569","0.012861928440738786"
"449","100000","0.3","50","0","pos","88894","88894","0.10286680776185515","0.009999701217794843"
"447","100000","0.3","50","0","pos","99999","100000","0.10749949452222253","0.022069912597098545"
"450","100000","0.3","50","0","pos","99999","100000","0.10939789951105884","0.018593577660082666"
"451","100000","0.4","10","0","pos","99999","100000","0.10736994367805548","0.03252352085157859"
"452","100000","0.4","10","0","pos","99999","100000","0.1001223110337671","0.048044249820101206"
"453","100000","0.4","10","0","pos","99999","100000","0.0974396147886553","0.046975245849944586"
"454","100000","0.4","10","0","pos","99999","100000","0.1102741979062027","0.04886998270845394"
"457","100000","0.4","10","0","pos","99999","100000","0.10578237999109268","0.03364523465527113"
"458","100000","0.4","10","0","pos","99999","100000","0.11239324593968313","0.03921747575496548"
"455","100000","0.4","10","0","pos","99999","100000","0.09121712872305501","0.04206246509529239"
"456","100000","0.4","10","0","pos","99999","100000","0.10849788956132936","0.03586536207313345"
"459","100000","0.4","10","0","pos","99999","100000","0.10229563741870414","0.014563649807215804"
"460","100000","0.4","10","0","pos","99999","100000","0.11124196219574049","0.020139938109378478"
"462","100000","0.4","10","0","pos","99999","100000","0.09370909083698681","0.024497580736155555"
"461","100000","0.4","10","0","pos","99999","100000","0.11219076436892382","0.030559524545594064"
"464","100000","0.4","10","0","pos","99999","100000","0.12289306796132221","0.032092102481181294"
"466","100000","0.4","10","0","pos","99999","100000","0.10653665412839534","0.04799425281275707"
"465","100000","0.4","10","0","pos","99999","100000","0.13014514704378077","0.029445027718402537"
"463","100000","0.4","10","0","pos","99999","100000","0.1021666922866878","0.026031203983049166"
"467","100000","0.4","10","0","pos","99999","100000","0.11375964187096162","0.040104666267314515"
"469","100000","0.4","10","0","pos","99999","100000","0.11265060045168261","0.03379980383843483"
"470","100000","0.4","10","0","pos","99999","100000","0.11902945283356503","0.04519578830872374"
"473","100000","0.4","10","0","pos","99999","100000","0.11028233257992766","0.03734650741776642"
"474","100000","0.4","10","0","pos","99999","100000","0.116984452429219","0.031426487654438846"
"472","100000","0.4","10","0","pos","99999","100000","0.09492223086402415","0.030276360773696036"
"471","100000","0.4","10","0","pos","99999","100000","0.10230478336253139","0.030807750612389675"
"477","100000","0.4","10","0","pos","99999","100000","0.11028782230924314","0.04505177912520252"
"476","100000","0.4","10","0","pos","99999","100000","0.11494812970030652","0.03588635172679164"
"468","100000","0.4","10","0","pos","99999","100000","0.10348999044517403","0.032774875037864366"
"475","100000","0.4","10","0","pos","99999","100000","0.10395596456160261","0.039086522034466574"
"478","100000","0.4","10","0","pos","99999","100000","0.10863633933398387","0.0300011163225542"
"479","100000","0.4","10","0","pos","99999","100000","0.10600035633229354","0.04825417178603181"
"480","100000","0.4","10","0","pos","99999","100000","0.12879098470885347","0.044225321684073705"
"481","100000","0.4","20","0","pos","99999","100000","0.10738830179526661","0.031050247553308388"
"483","100000","0.4","20","0","pos","99999","100000","0.10952465232337656","0.022859940194702354"
"482","100000","0.4","20","0","pos","99999","100000","0.11141752902211498","0.02593171748204837"
"484","100000","0.4","20","0","pos","99999","100000","0.10070753986243167","0.03036026015439551"
"486","100000","0.4","20","0","pos","99999","100000","0.1221702685774611","0.022118031928605786"
"487","100000","0.4","20","0","pos","99999","100000","0.11607511293878685","0.014842261120756633"
"485","100000","0.4","20","0","pos","99999","100000","0.10502833031516279","0.015367080807346813"
"488","100000","0.4","20","0","pos","99999","100000","0.09795799192716281","0.03699154260489198"
"489","100000","0.4","20","0","pos","99999","100000","0.10258024844613196","0.04728510353833206"
"490","100000","0.4","20","0","pos","99999","100000","0.09445426116074349","0.033693177279273526"
"491","100000","0.4","20","0","pos","99999","100000","0.09713464446744562","0.03288373129870699"
"495","100000","0.4","20","0","pos","99999","100000","0.08428650476203851","0.027923713184200956"
"493","100000","0.4","20","0","pos","99999","100000","0.10348066907265575","0.029389628974379998"
"492","100000","0.4","20","0","pos","99999","100000","0.10598238717480798","0.018530967303347853"
"497","100000","0.4","20","0","pos","99999","100000","0.11231926629254607","0.05126164516525364"
"498","100000","0.4","20","0","pos","99999","100000","0.09821602098237485","0.03292604682353222"
"499","100000","0.4","20","0","pos","99999","100000","0.11204966158465658","0.018476190819380112"
"494","100000","0.4","20","0","pos","99999","100000","0.09632146545843726","0.016897065641094406"
"496","100000","0.4","20","0","pos","99999","100000","0.10413066687291998","0.023652329463167303"
"500","100000","0.4","20","0","pos","99999","100000","0.10813354823124213","0.031146184605058993"
"501","100000","0.4","20","0","pos","99999","100000","0.10641596008638993","0.02231972674252318"
"504","100000","0.4","20","0","pos","99999","100000","0.10759895499477948","0.0312624323545902"
"505","100000","0.4","20","0","pos","99999","100000","0.09497785133823564","0.011040344203063346"
"506","100000","0.4","20","0","pos","99999","100000","0.10659383233490931","0.031180229460194508"
"502","100000","0.4","20","0","pos","99999","100000","0.10654322755137417","0.019878422369254047"
"503","100000","0.4","20","0","pos","99999","100000","0.12153979579534169","0.027331028700743065"
"507","100000","0.4","20","0","pos","99999","100000","0.09990352867997206","0.03299000609447587"
"508","100000","0.4","20","0","pos","99999","100000","0.1103994153449829","0.023466797297173658"
"509","100000","0.4","20","0","pos","99999","100000","0.11688147059442212","0.025666765740480442"
"510","100000","0.4","20","0","pos","99999","100000","0.11717467592017472","0.026311536462387628"
"511","100000","0.4","30","0","pos","99999","100000","0.108502067712865","0.019803161825512807"
"513","100000","0.4","30","0","pos","99999","100000","0.10359220581995336","0.014652145428088199"
"512","100000","0.4","30","0","pos","99999","100000","0.11255538123764938","0.01556160217222067"
"514","100000","0.4","30","0","pos","99999","100000","0.09878359207961596","0.020050929398563695"
"515","100000","0.4","30","0","pos","99999","100000","0.11026422060078116","0.021519249626072035"
"516","100000","0.4","30","0","pos","99999","100000","0.09707026718342367","0.022900756324988985"
"517","100000","0.4","30","0","pos","99999","100000","0.10887143025800165","0.017546394938456625"
"518","100000","0.4","30","0","pos","99999","100000","0.10094645525556216","0.017038745404349732"
"519","100000","0.4","30","0","pos","99999","100000","0.10645485005320203","0.012019075990328235"
"520","100000","0.4","30","0","pos","99999","100000","0.1016789742963062","0.014979376817310907"
"521","100000","0.4","30","0","pos","99999","100000","0.12402967688512456","0.021840377492160754"
"522","100000","0.4","30","0","pos","99999","100000","0.11750933829800862","0.011850243101179991"
"523","100000","0.4","30","0","pos","99999","100000","0.10551649983473875","0.027780795189452284"
"526","100000","0.4","30","0","pos","77800","77800","0.10238901527213044","0.009999782295118106"
"524","100000","0.4","30","0","pos","99999","100000","0.09759168511986588","0.012120577278567494"
"525","100000","0.4","30","0","pos","99999","100000","0.10889833402898266","0.02331940849088447"
"527","100000","0.4","30","0","pos","99999","100000","0.10115436369220651","0.04400757126665101"
"528","100000","0.4","30","0","pos","99999","100000","0.10792641644075242","0.01271771130309732"
"529","100000","0.4","30","0","pos","99999","100000","0.10577808098027056","0.035559084555036945"
"530","100000","0.4","30","0","pos","99999","100000","0.12478125765596114","0.01352923715623981"
"531","100000","0.4","30","0","pos","99999","100000","0.08950666051640241","0.026984552998411692"
"532","100000","0.4","30","0","pos","99999","100000","0.10646289674372761","0.027461637290278607"
"533","100000","0.4","30","0","pos","99999","100000","0.10850268621377224","0.03983602693431813"
"534","100000","0.4","30","0","pos","99999","100000","0.10642359010872209","0.017903941153836214"
"535","100000","0.4","30","0","pos","99999","100000","0.11342225439871156","0.010895866176909148"
"536","100000","0.4","30","0","pos","99999","100000","0.10420845937939992","0.043211088508643136"
"537","100000","0.4","30","0","pos","99999","100000","0.10176862856073682","0.02185260106411074"
"538","100000","0.4","30","0","pos","99999","100000","0.11070137307719073","0.010985127294515321"
"539","100000","0.4","30","0","pos","99999","100000","0.08948939917472919","0.02287100016261146"
"540","100000","0.4","30","0","pos","99999","100000","0.09336735741369302","0.016569896855949805"
"541","100000","0.4","40","0","pos","99999","100000","0.10916326138051112","0.013560989012130169"
"542","100000","0.4","40","0","pos","99999","100000","0.09214569013670193","0.02110383003284263"
"543","100000","0.4","40","0","pos","99999","100000","0.10646130284894048","0.013288105942050812"
"544","100000","0.4","40","0","pos","99999","100000","0.10294209428226005","0.03177805881180404"
"545","100000","0.4","40","0","pos","99999","100000","0.1026472202003747","0.02266810050987602"
"549","100000","0.4","40","0","pos","78004","78004","0.11366018425560982","0.009998769588781325"
"546","100000","0.4","40","0","pos","99999","100000","0.09845407344343314","0.03770832658201653"
"547","100000","0.4","40","0","pos","99999","100000","0.1121915957979716","0.011725231639943596"
"548","100000","0.4","40","0","pos","99999","100000","0.10091242429268661","0.03280858629289077"
"551","100000","0.4","40","0","pos","99999","100000","0.10695561384207253","0.01846120873207563"
"550","100000","0.4","40","0","pos","99999","100000","0.10732964468526192","0.014510652637460398"
"552","100000","0.4","40","0","pos","99999","100000","0.1090867096456969","0.010642811374125136"
"554","100000","0.4","40","0","pos","99999","100000","0.12027366017949727","0.015008771581253263"
"556","100000","0.4","40","0","pos","99999","100000","0.11380371101190233","0.015349433284349009"
"553","100000","0.4","40","0","pos","99999","100000","0.09081426957780515","0.028929313937867275"
"555","100000","0.4","40","0","pos","99999","100000","0.11414290163325307","0.034596285988583"
"557","100000","0.4","40","0","pos","99999","100000","0.10571068057047461","0.01567121708360116"
"558","100000","0.4","40","0","pos","99999","100000","0.11243643577662209","0.010216939180702706"
"559","100000","0.4","40","0","pos","99999","100000","0.11944918770301577","0.01900272597321966"
"560","100000","0.4","40","0","pos","99999","100000","0.11038940243588646","0.021784651517262495"
"562","100000","0.4","40","0","pos","99999","100000","0.10349020184439608","0.021636123932356595"
"561","100000","0.4","40","0","pos","99999","100000","0.09278111823103262","0.023757065520290555"
"563","100000","0.4","40","0","pos","99999","100000","0.10052368723098691","0.046855804347804016"
"565","100000","0.4","40","0","pos","99441","99441","0.09795711771247399","0.009996643644480404"
"564","100000","0.4","40","0","pos","99999","100000","0.0996952993261994","0.029993234096214866"
"566","100000","0.4","40","0","pos","99999","100000","0.11509991395462515","0.022069146329282602"
"567","100000","0.4","40","0","pos","99999","100000","0.11088226135978238","0.026439038524692576"
"568","100000","0.4","40","0","pos","82974","82974","0.0834134562427311","0.009997336729395769"
"573","100000","0.4","50","0","pos","71444","71444","0.11429553187539297","0.00999999418566088"
"569","100000","0.4","40","0","pos","99999","100000","0.11299461140548375","0.026216304814910153"
"572","100000","0.4","50","0","pos","84424","84424","0.08707996702752578","0.009988125164388385"
"570","100000","0.4","40","0","pos","99999","100000","0.11396221492531618","0.018593580335957486"
"571","100000","0.4","50","0","pos","99999","100000","0.0969471974078337","0.025197005066448713"
"575","100000","0.4","50","0","pos","99999","100000","0.1022924153680717","0.030361345368180356"
"574","100000","0.4","50","0","pos","99999","100000","0.11052116392551908","0.017618887823063697"
"576","100000","0.4","50","0","pos","99999","100000","0.11451871477091617","0.019528912554809142"
"577","100000","0.4","50","0","pos","99999","100000","0.10620402725357715","0.015730534264024414"
"578","100000","0.4","50","0","pos","99999","100000","0.10270142757090976","0.017772087174784002"
"582","100000","0.4","50","0","pos","72273","72273","0.09652808773382034","0.00999844760903847"
"580","100000","0.4","50","0","pos","99999","100000","0.11003127331546057","0.01348807009733907"
"579","100000","0.4","50","0","pos","99999","100000","0.10533058725812185","0.02715174286459111"
"581","100000","0.4","50","0","pos","99999","100000","0.10146903267203455","0.012691305105883446"
"588","100000","0.4","50","0","pos","30641","30641","0.12470466138310904","0.009999970963996317"
"583","100000","0.4","50","0","pos","99999","100000","0.10817285919550793","0.017412495172206735"
"585","100000","0.4","50","0","pos","99999","100000","0.1017432951000954","0.012919187042845424"
"584","100000","0.4","50","0","pos","99999","100000","0.11519019352989378","0.019050886468118457"
"586","100000","0.4","50","0","pos","99999","100000","0.10808397906825963","0.020162099425854202"
"587","100000","0.4","50","0","pos","99999","100000","0.11566866178996205","0.02640246011969057"
"589","100000","0.4","50","0","pos","99999","100000","0.11963365001802154","0.010056298386812023"
"590","100000","0.4","50","0","pos","99999","100000","0.11827984499929306","0.03537464944263948"
"591","100000","0.4","50","0","pos","99999","100000","0.11319523839908444","0.020235409618329203"
"593","100000","0.4","50","0","pos","99999","100000","0.10198943545926233","0.012754736809661674"
"594","100000","0.4","50","0","pos","99999","100000","0.11764369410985787","0.031131606085656967"
"592","100000","0.4","50","0","pos","99999","100000","0.11459498304916557","0.01979613077402165"
"595","100000","0.4","50","0","pos","99999","100000","0.09812021484335783","0.011121593255680724"
"598","100000","0.4","50","0","pos","67469","67469","0.09502947681566523","0.009999832841264393"
"596","100000","0.4","50","0","pos","99999","100000","0.10098842198050624","0.03498029761927376"
"597","100000","0.4","50","0","pos","99999","100000","0.10652421407159578","0.017335030913461762"
"600","100000","0.4","50","0","pos","99999","100000","0.10018114597419107","0.027274592200839828"
"599","100000","0.4","50","0","pos","99999","100000","0.11721968546816204","0.013679236268768899"
"602","100000","0.5","10","0","pos","99999","100000","0.10358266067164289","0.0457187395590076"
"601","100000","0.5","10","0","pos","99999","100000","0.11096839280262728","0.02000204854166472"
"603","100000","0.5","10","0","pos","99999","100000","0.10075497793433442","0.0374112039638407"
"605","100000","0.5","10","0","pos","99999","100000","0.09527766167152442","0.026094365661340855"
"604","100000","0.5","10","0","pos","99999","100000","0.08960936326143942","0.026171319129789795"
"607","100000","0.5","10","0","pos","99999","100000","0.1027652063059607","0.03458711262280957"
"606","100000","0.5","10","0","pos","99999","100000","0.11264705222218827","0.04096588192008694"
"608","100000","0.5","10","0","pos","99999","100000","0.11527914951613462","0.031939859280888175"
"610","100000","0.5","10","0","pos","99999","100000","0.09848046314115222","0.0450773218813902"
"611","100000","0.5","10","0","pos","99999","100000","0.08851260741653533","0.03673042148982399"
"609","100000","0.5","10","0","pos","99999","100000","0.10514246849350493","0.0298100703194584"
"613","100000","0.5","10","0","pos","99999","100000","0.10048624686975753","0.03771663145902087"
"612","100000","0.5","10","0","pos","99999","100000","0.0917774709420625","0.030858703322741942"
"614","100000","0.5","10","0","pos","99999","100000","0.11092924592812321","0.023857397385104232"
"615","100000","0.5","10","0","pos","99999","100000","0.09775272720899368","0.029018192361559024"
"617","100000","0.5","10","0","pos","99999","100000","0.11855210135721901","0.028768376577041465"
"616","100000","0.5","10","0","pos","99999","100000","0.11091723373986138","0.050404711081808"
"619","100000","0.5","10","0","pos","99999","100000","0.10349345797926242","0.03724074641764985"
"618","100000","0.5","10","0","pos","99999","100000","0.10956850190893025","0.04286080934813986"
"620","100000","0.5","10","0","pos","99999","100000","0.1028204263425686","0.04538900124158317"
"621","100000","0.5","10","0","pos","99999","100000","0.09870087230875935","0.03426160059267908"
"622","100000","0.5","10","0","pos","99999","100000","0.10205773071133721","0.026173541980410168"
"624","100000","0.5","10","0","pos","99999","100000","0.1133784790771364","0.024935252498635405"
"623","100000","0.5","10","0","pos","99999","100000","0.10629416454489131","0.02407225881573827"
"625","100000","0.5","10","0","pos","99999","100000","0.10500393975784904","0.04802650507765636"
"627","100000","0.5","10","0","pos","99999","100000","0.1083392086749435","0.02848847753164321"
"628","100000","0.5","10","0","pos","99999","100000","0.10951741744679767","0.01888991262811721"
"626","100000","0.5","10","0","pos","99999","100000","0.10631741998430341","0.029530000813031164"
"630","100000","0.5","10","0","pos","99999","100000","0.1203978240164612","0.03907728450642029"
"629","100000","0.5","10","0","pos","99999","100000","0.11258960946065831","0.03385323594673214"
"632","100000","0.5","20","0","pos","99999","100000","0.1060331532415138","0.015296096450511913"
"631","100000","0.5","20","0","pos","99999","100000","0.10001667105348776","0.0159710759435013"
"634","100000","0.5","20","0","pos","99999","100000","0.10908392615590826","0.03401466012188215"
"633","100000","0.5","20","0","pos","99999","100000","0.11026675246332225","0.03939461982548105"
"635","100000","0.5","20","0","pos","99999","100000","0.09390853582064906","0.0286458396937939"
"636","100000","0.5","20","0","pos","99999","100000","0.11412194061635454","0.04268715887981486"
"637","100000","0.5","20","0","pos","99999","100000","0.1198201627181702","0.024696675900708384"
"638","100000","0.5","20","0","pos","99999","100000","0.11425498328204833","0.024005960230626518"
"639","100000","0.5","20","0","pos","99999","100000","0.09531944095918422","0.023700815289502845"
"640","100000","0.5","20","0","pos","99999","100000","0.0908347493887171","0.02564637354137268"
"642","100000","0.5","20","0","pos","99999","100000","0.10720527480961624","0.023059868709028594"
"641","100000","0.5","20","0","pos","99999","100000","0.1015786996285618","0.014316543782383886"
"644","100000","0.5","20","0","pos","99999","100000","0.11007622815634001","0.022535193249628334"
"645","100000","0.5","20","0","pos","99999","100000","0.12032833770382113","0.014060756475201115"
"643","100000","0.5","20","0","pos","99999","100000","0.11215974887463795","0.027719020410685014"
"646","100000","0.5","20","0","pos","99999","100000","0.08896882257056009","0.017655155316475837"
"647","100000","0.5","20","0","pos","99999","100000","0.1080554927272608","0.019097141674068813"
"648","100000","0.5","20","0","pos","99999","100000","0.09644210405289622","0.019639371887419366"
"649","100000","0.5","20","0","pos","99999","100000","0.12012933717994133","0.01625465763212854"
"650","100000","0.5","20","0","pos","99999","100000","0.10340817707717401","0.01838704837906814"
"651","100000","0.5","20","0","pos","99999","100000","0.11676057719844972","0.03630797515354117"
"653","100000","0.5","20","0","pos","99999","100000","0.10640913641860372","0.022243260899684713"
"652","100000","0.5","20","0","pos","99999","100000","0.10179620726972213","0.021129876710792604"
"654","100000","0.5","20","0","pos","99999","100000","0.10695804713537578","0.036328654649203936"
"655","100000","0.5","20","0","pos","99999","100000","0.09369117405554454","0.03734671991106343"
"656","100000","0.5","20","0","pos","99999","100000","0.1188072479325751","0.02101299244157842"
"657","100000","0.5","20","0","pos","99999","100000","0.0991263430334696","0.024960318677478034"
"658","100000","0.5","20","0","pos","99999","100000","0.12844668330298087","0.023477643797712836"
"662","100000","0.5","30","0","pos","71755","71755","0.11736332599106238","0.009997786321536995"
"659","100000","0.5","20","0","pos","99999","100000","0.10247188273005671","0.043396433656739626"
"660","100000","0.5","20","0","pos","99999","100000","0.11090532828165407","0.01969035141139227"
"661","100000","0.5","30","0","pos","99999","100000","0.09627166607357132","0.030130596685720937"
"663","100000","0.5","30","0","pos","99999","100000","0.11069842876925086","0.026457225492897495"
"665","100000","0.5","30","0","pos","99999","100000","0.10075864829333743","0.02705542497798698"
"664","100000","0.5","30","0","pos","99999","100000","0.1131682448192102","0.011897433731601764"
"667","100000","0.5","30","0","pos","99999","100000","0.1087573183570703","0.014666065272660043"
"668","100000","0.5","30","0","pos","99999","100000","0.11878050551509547","0.012455123244737791"
"666","100000","0.5","30","0","pos","99999","100000","0.11432298368561122","0.02358501638044477"
"669","100000","0.5","30","0","pos","99999","100000","0.09427690495154374","0.025045385322957674"
"671","100000","0.5","30","0","pos","99999","100000","0.1084800267543497","0.013812816980491948"
"670","100000","0.5","30","0","pos","99999","100000","0.11668346682285659","0.017482514244190693"
"673","100000","0.5","30","0","pos","99999","100000","0.11771340037866317","0.016504750259662224"
"672","100000","0.5","30","0","pos","99999","100000","0.09934519393034039","0.02029017664489565"
"676","100000","0.5","30","0","pos","99999","100000","0.11648859861194083","0.03524041492644511"
"675","100000","0.5","30","0","pos","99999","100000","0.08447320851063136","0.03118964908681923"
"674","100000","0.5","30","0","pos","99999","100000","0.0951535104944999","0.027314606658393383"
"678","100000","0.5","30","0","pos","99999","100000","0.09833391764747058","0.011127375006231476"
"677","100000","0.5","30","0","pos","99999","100000","0.09613925096865596","0.024208826985715703"
"679","100000","0.5","30","0","pos","99999","100000","0.10199911800425449","0.024291206400629203"
"680","100000","0.5","30","0","pos","99999","100000","0.0918836235438874","0.022109961253251195"
"681","100000","0.5","30","0","pos","99999","100000","0.09520764973850918","0.019625153390441127"
"682","100000","0.5","30","0","pos","99999","100000","0.1092609830160152","0.015265394100092674"
"684","100000","0.5","30","0","pos","99999","100000","0.10782552283964901","0.01572021451258459"
"683","100000","0.5","30","0","pos","99999","100000","0.09699974968952846","0.0362844667672349"
"686","100000","0.5","30","0","pos","98047","98047","0.0957343678378242","0.009999812492843152"
"685","100000","0.5","30","0","pos","99999","100000","0.10966248448653573","0.014374987369260633"
"687","100000","0.5","30","0","pos","99999","100000","0.09280443563903484","0.013321416931145457"
"688","100000","0.5","30","0","pos","99999","100000","0.10000453443557784","0.017899474331527974"
"690","100000","0.5","30","0","pos","99999","100000","0.09357261771336386","0.015532275859328974"
"689","100000","0.5","30","0","pos","99999","100000","0.11667335390047227","0.011511215145071932"
"691","100000","0.5","40","0","pos","92117","92117","0.10228342464593775","0.009999518462892164"
"692","100000","0.5","40","0","pos","99999","100000","0.1108160971295926","0.014960443038782814"
"693","100000","0.5","40","0","pos","99999","100000","0.11199470909547479","0.0156092003747428"
"696","100000","0.5","40","0","pos","76331","76331","0.1026893564742292","0.009999993724802706"
"694","100000","0.5","40","0","pos","99999","100000","0.11054169404874595","0.018871440180893838"
"697","100000","0.5","40","0","pos","86102","86102","0.11040987726759952","0.00999198934129381"
"695","100000","0.5","40","0","pos","99999","100000","0.11758913904396834","0.01099238838663147"
"698","100000","0.5","40","0","pos","99999","100000","0.1169208457042835","0.018402359641865113"
"702","100000","0.5","40","0","pos","65898","65898","0.09702629050725951","0.009999605987712518"
"699","100000","0.5","40","0","pos","99999","100000","0.09348845082853868","0.010756901535234457"
"700","100000","0.5","40","0","pos","99999","100000","0.10188373001376534","0.023928440772484356"
"701","100000","0.5","40","0","pos","99999","100000","0.10568147345912196","0.019016511423252773"
"704","100000","0.5","40","0","pos","99999","100000","0.1055726890503351","0.013777428208773718"
"703","100000","0.5","40","0","pos","99999","100000","0.11164283732205764","0.017849477014566198"
"705","100000","0.5","40","0","pos","99999","100000","0.11311628714653967","0.013574855644692416"
"706","100000","0.5","40","0","pos","99999","100000","0.11233378836701771","0.029163881800091232"
"708","100000","0.5","40","0","pos","76137","76137","0.10847275644608784","0.009999451288637728"
"707","100000","0.5","40","0","pos","99999","100000","0.09800030189861896","0.011837911783676101"
"709","100000","0.5","40","0","pos","99999","100000","0.10457967253241086","0.01541244151572283"
"710","100000","0.5","40","0","pos","99999","100000","0.09775057617185516","0.01977086553708857"
"711","100000","0.5","40","0","pos","99999","100000","0.12071462832872075","0.011092475549461519"
"715","100000","0.5","40","0","pos","66043","66043","0.11224152833295396","0.00999988297318659"
"712","100000","0.5","40","0","pos","99999","100000","0.1159449461498057","0.015534077665444766"
"714","100000","0.5","40","0","pos","99999","100000","0.09720929365272067","0.019611826924490566"
"717","100000","0.5","40","0","pos","61268","61268","0.09570226955054614","0.009999474268886033"
"713","100000","0.5","40","0","pos","99999","100000","0.09194622513051057","0.032248418396276395"
"718","100000","0.5","40","0","pos","60402","60402","0.09523456602647866","0.00999965927573164"
"716","100000","0.5","40","0","pos","99999","100000","0.08193200432688923","0.017442301561605787"
"721","100000","0.5","50","0","pos","56036","56036","0.09499779731572885","0.009999889352495286"
"719","100000","0.5","40","0","pos","99999","100000","0.09591904572640002","0.010013225796120781"
"720","100000","0.5","40","0","pos","99999","100000","0.10847332891862813","0.01864395670130681"
"723","100000","0.5","50","0","pos","91299","91299","0.11557560716528387","0.009999466747213246"
"724","100000","0.5","50","0","pos","92859","92859","0.1009700866428238","0.009996680606130976"
"722","100000","0.5","50","0","pos","99999","100000","0.10188548609374007","0.01644719191214088"
"725","100000","0.5","50","0","pos","99999","100000","0.11647584430624952","0.01082300973409783"
"726","100000","0.5","50","0","pos","99999","100000","0.10718127374441914","0.014995350101997566"
"727","100000","0.5","50","0","pos","99999","100000","0.11068901706707754","0.012602375921412282"
"729","100000","0.5","50","0","pos","60775","60775","0.09835842074446023","0.00999984979889426"
"728","100000","0.5","50","0","pos","99999","100000","0.11218556336172321","0.019555864379203203"
"733","100000","0.5","50","0","pos","58733","58733","0.1205512955216174","0.009998455106470015"
"730","100000","0.5","50","0","pos","99999","100000","0.08163696445848902","0.020542485129900718"
"731","100000","0.5","50","0","pos","96228","96228","0.10909895273440133","0.009999997179870341"
"732","100000","0.5","50","0","pos","99999","100000","0.09173686059558232","0.010669190473067561"
"734","100000","0.5","50","0","pos","99999","100000","0.10701309356290593","0.014393241649622884"
"736","100000","0.5","50","0","pos","99999","100000","0.11422254107220108","0.012668159087387743"
"735","100000","0.5","50","0","pos","98046","98046","0.11060412911706921","0.009995953108763693"
"742","100000","0.5","50","0","pos","40379","40379","0.10672773575734407","0.009999392014968082"
"737","100000","0.5","50","0","pos","99999","100000","0.09667953544819669","0.013901555509555463"
"738","100000","0.5","50","0","pos","99999","100000","0.11320260841387969","0.01423329872138868"
"739","100000","0.5","50","0","pos","99999","100000","0.11152882726873811","0.03570049286769684"
"740","100000","0.5","50","0","pos","99999","100000","0.11855577740607924","0.022769432910120194"
"745","100000","0.5","50","0","pos","55701","55701","0.11449395797156282","0.009999269056917405"
"741","100000","0.5","50","0","pos","99999","100000","0.10242534333883364","0.016045295303720265"
"743","100000","0.5","50","0","pos","99999","100000","0.10413446740973004","0.019947105997015033"
"744","100000","0.5","50","0","pos","99999","100000","0.11091285523202844","0.010921448909933474"
"748","100000","0.5","50","0","pos","71181","71181","0.0937336774518644","0.009999986133925666"
"746","100000","0.5","50","0","pos","99999","100000","0.10996378057498016","0.011404603109036302"
"750","100000","0.5","50","0","pos","63952","63952","0.10787598615349729","0.009985425434363298"
"747","100000","0.5","50","0","pos","99999","100000","0.11405931437822292","0.013703753392626392"
"749","100000","0.5","50","0","pos","99999","100000","0.10000919755360507","0.019514560404911164"
